cond,cruise_max_dz,cruise_rmse_z,ctrl,decel_max_dz,decel_rmse_z,degrade_pct,delay,diverged,dropout,dropout_meas,elapsed,est_pos_rmse,est_vel_rmse,gps_rate,noise_pos,omega_fail,omega_max,rmse_vx,rmse_z
참값,0.5211536792519595,0.26199202968623236,lqr,5.426110021378811,2.099293126014725,0.0,0.0,False,0.0,0.0,,,,0.0,0.0,False,1.8642680674385153,16.779105690348057,4.4368366600830855
RTK 기준,0.4873161773866528,0.25892758624100587,lqr,5.416193007617636,2.0945195881455274,-0.17535445751431747,0.0,False,0.0,0.0,39.412309885025024,0.06035801159841383,0.0279957739852597,10.0,0.02,False,1.847698360156946,16.7784084745211,4.4290564692270005
잡음 0.2m,0.46507753519001227,0.20727592355810015,lqr,5.383128510138349,2.080265836362127,0.060386453607243186,0.0,False,0.0,0.0,43.38006114959717,0.08111208500114132,0.04251819358157385,10.0,0.2,False,1.8588378152555558,16.77543390558204,4.439515908394456
잡음 1.5m,0.6958246092905327,0.22659922857000997,lqr,5.023767589040837,1.9203512920948107,2.3329253041910203,0.0,False,0.0,0.0,37.61012005805969,0.4464106447517904,0.1987110758331203,10.0,1.5,False,1.9831953188512725,16.795359879570725,4.5403447452317875
잡음 3.0m,1.239896225694494,0.5996225795107241,lqr,4.672469917520118,1.7741963112671875,3.950149962338246,0.0,False,0.0,0.0,33.88088941574097,0.8765390670009632,0.3519644606081201,10.0,3.0,False,2.0625230964382935,16.84041913693897,4.612098361740367
20Hz,0.5323616722955649,0.2626029861610246,lqr,5.430523706069927,2.0999213849654077,0.03788696500123567,0.0,False,0.0,0.0,34.817670822143555,0.05170875323957052,0.022884702046593538,20.0,0.02,False,1.8735616013807688,16.77792210926679,4.438517642835653
5Hz,0.5065132366987939,0.25238595181798973,lqr,5.466405156214137,2.1193278254066725,0.14168892224704954,0.0,False,0.0,0.0,38.26990032196045,0.0765573496760291,0.035115222380339865,5.0,0.02,False,1.874968418002713,16.78038721748529,4.443123166128619
1Hz,0.5034879473271943,0.25934302517739155,lqr,5.432255389744768,2.102404015096155,-0.14750780654433115,0.0,False,0.0,0.0,39.89062166213989,0.15366208195516126,0.08695621788799339,1.0,0.02,False,1.8720962261093193,16.779787279185772,4.430291979645842
지연 50ms,0.49210308090378874,0.26301045928324646,lqr,5.5162203907011715,2.1333946876630123,1.7792427999388174,0.05,False,0.0,0.0,40.35003638267517,1.9895640519061284,0.2353328694695243,10.0,0.02,False,2.108247772145399,16.779679840232287,4.51577875690266
지연 100ms,0.49488573597423624,0.2599031917606792,lqr,5.611486513228002,2.1703067765350625,5.895743454273632,0.1,False,0.0,0.0,43.96650671958923,3.948858809021131,0.5146728042507113,10.0,0.02,False,2.3662955369966863,16.781047950644314,4.698421167046747
지연 200ms,inf,inf,lqr,inf,inf,22925.80435353698,0.2,False,0.0,0.0,44.61802291870117,13.6987129122817,4.323597498109532,10.0,0.02,True,513.5801679760319,57.14315530512336,1021.6173288367357
결측 5%,0.5441095955815811,0.2565804123975323,lqr,5.423179665177763,2.098592380956661,0.10624160228123437,0.0,False,0.05,0.046153846153846156,43.92784667015076,0.06060061156122722,0.02854565270099589,10.0,0.02,False,1.8738510145459346,16.776098784064043,4.441550426441359
결측 10%,0.536678584417011,0.26127703484367026,lqr,5.417216389061643,2.0952518190109637,0.02390472722379808,0.0,False,0.1,0.1,44.56249761581421,0.06087424963568493,0.030925458542789618,10.0,0.02,False,1.865707977124273,16.780288523934967,4.437897273784044
결측 20%,0.5225347416368749,0.2590502565709902,lqr,5.4183211224944685,2.0937336690196346,-0.08629971114398792,0.0,False,0.2,0.2,45.661519289016724,0.0610221852941588,0.03311191002135762,10.0,0.02,False,1.8564735312736103,16.777107965205065,4.433007682861503
1.5m+5Hz+100ms,0.4812371351438145,0.2339940412867823,lqr,5.665910239424079,2.187359731034719,7.529021380137642,0.1,False,0.0,0.0,37.05853486061096,4.0301161153237475,0.5660543342916486,5.0,1.5,False,2.2292152443791773,16.721302350873792,4.770887040822526
1.5m+5Hz+20%,0.6425858083871105,0.31527928787298,lqr,5.133609480118167,1.9502872983710822,-1.5982018231387964,0.0,False,0.2,0.19384615384615383,35.976996183395386,0.7557349927638368,0.3183118098123749,5.0,1.5,False,1.8846606801580956,16.83769195065068,4.365927055691947
최악 복합,1.962347624073395,1.0616912756958437,lqr,3.9861654517224068,1.5810007230467018,38.44347591373152,0.2,False,0.2,0.26153846153846155,36.3897066116333,8.23309784880857,1.7162923700384993,1.0,3.0,False,3.093695776516684,17.5756317267628,6.142510892833736
참값,0.14566760625584863,0.03438002715881372,hybrid,2.5206226466486896,0.5973402177442176,0.0,0.0,False,0.0,0.0,,,,0.0,0.0,True,62.07607532951693,1.344853688688927,1.6326227925730294
RTK 기준,0.4398040867609865,0.11620796291685492,hybrid,3.931485876334037,1.3139479643852785,5.79454235808507,0.0,False,0.0,0.0,187.13980793952942,0.06445520968822081,0.03602810272272053,10.0,0.02,True,71.68333885924454,1.5594927845472013,1.727225811836425
잡음 0.2m,8.920774510291267,2.3159929776517476,hybrid,2.954205308490806,0.64049367413531,21.766267406069996,0.0,False,0.0,0.0,180.94693756103516,0.08368075276460063,0.0469818795986561,10.0,0.2,True,52.12607876773264,1.6809849300717237,1.9879838353369226
잡음 1.5m,2.3707474646322595,0.7415865486654903,hybrid,0.668139337712816,0.23057103657674624,7.115348103565731,0.0,False,0.0,0.0,174.55990862846375,0.4547056600479709,0.21643842517510234,10.0,1.5,True,58.23941825190385,1.453166643498483,1.7487895874827564
잡음 3.0m,18.687223696901448,7.570057515778573,hybrid,0.935753024575007,0.41820378074288006,149.96335713620053,0.0,False,0.0,0.0,197.03419828414917,0.8737639336743116,0.37830842469766557,10.0,3.0,True,69.85717404632084,3.706745211517179,4.080958741686332
20Hz,0.7407558148208508,0.15720781322848443,hybrid,3.6300658300090447,1.4043822383863318,6.795405605624694,0.0,False,0.0,0.0,179.79733681678772,0.056118953895425816,0.027717845039725603,20.0,0.02,True,75.05107690803234,1.6741393327091305,1.7435661333382435
5Hz,0.63118642876114,0.13700900389927148,hybrid,4.812629288362487,1.7274888387448792,10.79345920404494,0.0,False,0.0,0.0,187.89552521705627,0.08100926651718963,0.045876155044457696,5.0,0.02,True,82.15873125325024,1.880351846497799,1.8088392676453386
1Hz,1.347384944839348,0.2848733947612244,hybrid,0.5176619436642724,0.339716806480606,-1.0067365843455132,0.0,False,0.0,0.0,166.18555212020874,0.1552366519844233,0.09213429938325633,1.0,0.02,True,62.958212091525475,1.2132876802842472,1.6161865816358334
지연 50ms,inf,inf,hybrid,inf,inf,1250.2161619343526,0.05,False,0.0,0.0,240.07715368270874,2.1966319820969833,0.49393500262806234,10.0,0.02,True,85.62625632978174,6.384265893896422,22.043936808745006
지연 100ms,17.41121775048144,5.967735927292863,hybrid,18.513384535950678,4.926501289410837,143.18655138257978,0.1,False,0.0,0.0,211.58518481254578,4.398186749256674,0.7217810210217663,10.0,0.02,True,102.06450205948629,2.8304190818491994,3.9703190663443193
지연 200ms,8.605618706119365,2.6025387729957585,hybrid,2.0455782347465785,0.7226740555797972,8.337701235536318,0.2,False,0.0,0.0,191.8290135860443,8.96514631270528,1.2400473843037851,10.0,0.02,True,80.55491957049315,2.0430885834433377,1.7687460033210385
결측 5%,0.41967768771982605,0.0962228304909599,hybrid,9.819288102820913,3.343861765495933,39.1964514341472,0.0,False,0.05,0.046153846153846156,182.23245811462402,0.0645773350316819,0.03261653137425927,10.0,0.02,True,59.87751160069221,2.822922971243607,2.2725529925667347
결측 10%,1.6458023858151165,0.3541203892167978,hybrid,3.2179918159917733,0.8652064404836384,2.1651973055792424,0.0,False,0.1,0.1,173.1317822933197,0.06443867893683335,0.034330933216737115,10.0,0.02,True,71.25329374988354,1.3508473238256953,1.6679722972880933
결측 20%,17.072838499066144,6.388984241126368,hybrid,3.590386738562124,0.733798815971007,113.27234504704712,0.0,False,0.2,0.2,191.0975465774536,0.06371666051700406,0.040793547845846934,10.0,0.02,True,79.88741823598328,2.926930622948068,3.481932915493088
1.5m+5Hz+100ms,5.054226317811484,1.5977916176424762,hybrid,1.1387431089236344,0.5654618353812535,4.741885720616858,0.1,False,0.0,0.0,176.07065081596375,4.563287105971001,0.5313906887490562,5.0,1.5,True,57.23855762151242,1.5196432133599727,1.7100398996455861
1.5m+5Hz+20%,33.30991965208867,17.369180701086353,hybrid,20.096870680244486,8.37289201795587,475.95474905236176,0.0,False,0.2,0.19384615384615383,254.16898274421692,0.7935790063859588,0.42700715233575187,5.0,1.5,True,78.19788438149266,4.768246653265977,9.403168507935652
최악 복합,26.032953244501176,9.947450180700077,hybrid,6.587853152149201,3.4705963081146884,269.92328858482364,0.2,False,0.2,0.26153846153846155,230.0964596271515,11.86273315723701,3.265369815442228,1.0,3.0,True,69.3604212969154,3.009254384191052,6.039451924471535
참값,0.14566760625584863,0.03438002715881372,hybrid_fb,5.460431704379289,2.1317981321231305,0.0,0.0,False,0.0,0.0,,,,0.0,0.0,False,15.538827572698063,11.928124975797543,2.6755351855180263
RTK 기준,1.3675521516483897,0.3756716333862184,hybrid_fb,4.496715373569728,1.7068993118119993,-8.159964724248933,0.0,False,0.0,0.0,111.71010971069336,0.06392428954165605,0.028698797415816078,10.0,0.02,False,16.515957181091046,12.067097922532312,2.457212458194887
잡음 0.2m,0.6817135401929661,0.22442864338803634,hybrid_fb,5.875237118491711,2.276509344512115,2.4906791073480434,0.0,False,0.0,0.0,100.73872923851013,0.08317341859507396,0.04489063911444898,10.0,0.2,False,16.388072727356835,13.295040597797724,2.7421741813934695
잡음 1.5m,1.5009237806880833,0.4719185517985642,hybrid_fb,6.002144315995608,2.308945792608558,8.726260222219635,0.0,False,0.0,0.0,98.7568027973175,0.4476496169176947,0.21499181975377693,10.0,1.5,False,16.264308330464452,13.533122707213627,2.909009348143376
잡음 3.0m,1.3437452333317736,0.6432282815829445,hybrid_fb,5.471514760763007,2.09739749929494,12.903114247027554,0.0,False,0.0,0.0,93.80131196975708,0.8750652441367119,0.3732144493514271,10.0,3.0,False,16.636382597255505,14.038167993329337,3.020762547224838
20Hz,1.3751736447140743,0.3727654904517715,hybrid_fb,4.5498979258313454,1.7294145876788327,-7.913613624069343,0.0,False,0.0,0.0,111.9395854473114,0.05584916297437169,0.02341256949343148,20.0,0.02,False,16.694287029109923,12.087508354949662,2.463803668560103
5Hz,1.4030887882232363,0.37923004079719336,hybrid_fb,4.521696240641603,1.7207559784741449,-8.33487359871987,0.0,False,0.0,0.0,111.39941167831421,0.0803862916731739,0.037324351814281814,5.0,0.02,False,16.616510852526535,12.058703711492589,2.4525327097158236
1Hz,0.715573856500626,0.27201005443554066,hybrid_fb,6.164897473067313,2.3910782714884413,4.300878647409445,0.0,False,0.0,0.0,97.0637891292572,0.15512277146018624,0.09232310111758539,1.0,0.02,False,16.40612655982107,13.538955730402858,2.7906067070158977
지연 50ms,1.3664852465331094,0.3940930250610773,hybrid_fb,4.461630855644657,1.6803615328674582,-0.02130078863453684,0.05,False,0.0,0.0,111.74328923225403,2.268726204200895,0.26962381836387816,10.0,0.02,False,16.42334358895251,12.017003230380089,2.6749652754233164
지연 100ms,1.4235867757009402,0.43227446771274997,hybrid_fb,4.382020443807747,1.6353554650777904,12.169137032757618,0.1,False,0.0,0.0,111.22830080986023,4.486800403394999,0.5690983337201114,10.0,0.02,False,16.46163717700686,11.978551884632138,3.0011247286033607
지연 200ms,1.4859422534447404,0.5335177481814118,hybrid_fb,4.321780546699166,1.6025940744082592,51.87545866669223,0.2,False,0.0,0.0,111.73673582077026,8.919970908976259,1.324333781081659,10.0,0.02,False,16.572428878279652,12.047516339513786,4.063481334794237
결측 5%,1.390784271990995,0.3808601550224507,hybrid_fb,4.5114836194216394,1.7144192900406814,-8.020095125668464,0.0,False,0.05,0.046153846153846156,111.32622694969177,0.06413681055425563,0.029091030195455926,10.0,0.02,False,16.686516309029283,12.075555968699677,2.4609547185187504
결측 10%,1.364485748181707,0.36144434046013246,hybrid_fb,4.627013901705375,1.7635218062131908,-7.176119640568851,0.0,False,0.1,0.1,111.50132656097412,0.06452597640526254,0.03215147823623423,10.0,0.02,False,16.662601620759713,12.118417269684976,2.483535579579737
결측 20%,1.3921011357221502,0.38165008063372935,hybrid_fb,4.492472828208996,1.7027438469254932,-8.372374830533131,0.0,False,0.2,0.2,112.12464952468872,0.06452344947333985,0.03430245492051523,10.0,0.02,False,16.544823095134234,12.0648509524506,2.451529351063657
1.5m+5Hz+100ms,0.6991213579037137,0.2993199967480278,hybrid_fb,6.582419342544242,2.559255448344599,26.38508276077303,0.1,False,0.0,0.0,94.43355417251587,4.4644004429708115,0.5622699624592788,5.0,1.5,False,16.792566839729847,13.913731351274645,3.3814773585105597
1.5m+5Hz+20%,1.04118394838396,0.3579827349670641,hybrid_fb,6.274486453962076,2.4165505481166107,5.863704835648882,0.0,False,0.2,0.19384615384615383,95.3704731464386,0.7370050308694669,0.33397967585394467,5.0,1.5,False,16.36785404102232,13.71223484879079,2.832420671570734
최악 복합,1.917654798291693,0.9913035630482417,hybrid_fb,4.068130281148797,1.6114601469413872,113.0187599955324,0.2,False,0.2,0.26153846153846155,46.42682099342346,8.2293311329135,1.8015490452339953,1.0,3.0,False,3.9258954040404106,17.540246161440976,5.699391875434667
